u_in,u_hat, u_tilde,Absolute Time
0.533084,0.456928,0.076054,3571912761.915245
0.533186,0.457169,0.075915,3571912761.925241
0.533288,0.457410,0.075776,3571912761.935244
0.533389,0.457650,0.075637,3571912761.945245
0.533489,0.457890,0.075499,3571912761.955245
0.533589,0.458129,0.075360,3571912761.965246
0.533689,0.458367,0.075222,3571912761.975246
0.533788,0.458604,0.075084,3571912761.985247
0.533886,0.458841,0.074946,3571912761.995245
0.533984,0.459077,0.074809,3571912762.005247
0.534082,0.459313,0.074671,3571912762.015247
0.534179,0.459548,0.074534,3571912762.025243
0.534275,0.459782,0.074397,3571912762.035248
0.534371,0.460015,0.074261,3571912762.045248
0.534467,0.460247,0.074124,3571912762.055249
0.534562,0.460479,0.073988,3571912762.065248
0.534656,0.460710,0.073851,3571912762.075248
0.534750,0.460941,0.073716,3571912762.085248
0.534843,0.461170,0.073580,3571912762.095249
0.534936,0.461399,0.073444,3571912762.105250
0.535028,0.461627,0.073309,3571912762.115250
0.535120,0.461854,0.073174,3571912762.125247
0.535211,0.462081,0.073039,3571912762.135251
0.535301,0.462307,0.072904,3571912762.145251
0.535391,0.462532,0.072770,3571912762.155251
0.535480,0.462756,0.072635,3571912762.165252
0.535569,0.462979,0.072501,3571912762.175252
0.535657,0.463202,0.072367,3571912762.185252
0.535744,0.463423,0.072234,3571912762.195251
0.535831,0.463644,0.072100,3571912762.205252
0.535917,0.463864,0.071967,3571912762.215252
0.536003,0.464084,0.071834,3571912762.225250
0.536088,0.464302,0.071701,3571912762.235253
0.536172,0.464520,0.071568,3571912762.245253
0.536256,0.464736,0.071436,3571912762.255254
0.536339,0.464952,0.071303,3571912762.265254
0.536421,0.465167,0.071171,3571912762.275252
0.536503,0.465382,0.071039,3571912762.285254
0.536584,0.465595,0.070908,3571912762.295254
0.536664,0.465807,0.070776,3571912762.305255
0.536744,0.466019,0.070645,3571912762.315256
0.536823,0.466230,0.070514,3571912762.325253
0.536901,2.817645,-2.280822,3571912762.335256
0.536978,0.418329,0.118572,3571912762.345256
0.537055,0.418611,0.118367,3571912762.355257
0.537131,0.418892,0.118163,3571912762.365257
0.537207,0.419172,0.117959,3571912762.375257
0.537282,0.419451,0.117756,3571912762.385257
0.537356,0.419729,0.117552,3571912762.395257
0.537429,0.420006,0.117349,3571912762.405260
0.537502,0.420283,0.117147,3571912762.415258
0.537574,0.420558,0.116944,3571912762.425254
0.537645,0.420832,0.116742,3571912762.435258
0.537715,0.421105,0.116540,3571912762.445259
0.537785,0.421377,0.116338,3571912762.455259
0.537854,0.421649,0.116136,3571912762.465260
0.537922,0.421919,0.115935,3571912762.475260
0.537989,0.422188,0.115734,3571912762.485260
0.538056,0.422456,0.115533,3571912762.495260
0.538122,0.422723,0.115333,3571912762.505261
0.538187,0.422989,0.115133,3571912762.515261
0.538251,0.423255,0.114933,3571912762.525258
0.538315,0.423519,0.114733,3571912762.535262
0.538378,0.423782,0.114533,3571912762.545262
0.538440,0.424044,0.114334,3571912762.555262
0.538501,0.424305,0.114135,3571912762.565263
0.538561,0.424565,0.113936,3571912762.575263
0.538621,0.424823,0.113738,3571912762.585264
0.538680,0.425081,0.113540,3571912762.595263
0.538738,0.425338,0.113342,3571912762.605264
0.538795,0.425594,0.113144,3571912762.615264
0.538852,0.425848,0.112947,3571912762.625259
0.538907,0.426102,0.112750,3571912762.635265
0.538962,0.426354,0.112553,3571912762.645266
0.539016,0.426606,0.112356,3571912762.655265
0.539069,0.426856,0.112160,3571912762.665265
0.539121,0.427105,0.111964,3571912762.675265
0.539173,0.427353,0.111768,3571912762.685266
0.539224,0.427600,0.111573,3571912762.695266
0.539273,0.427846,0.111377,3571912762.705266
0.539322,0.428091,0.111182,3571912762.715267
0.539370,0.428335,0.110988,3571912762.725263
0.539418,0.428577,0.110793,3571912762.735268
0.539464,0.428819,0.110599,3571912762.745268
0.539510,0.429059,0.110405,3571912762.755268
0.539554,0.429298,0.110211,3571912762.765270
0.539598,0.429537,0.110018,3571912762.775269
0.539641,0.429774,0.109825,3571912762.785270
0.539683,0.430009,0.109632,3571912762.795268
0.539725,0.430244,0.109439,3571912762.805270
0.539765,0.430478,0.109247,3571912762.815270
0.539805,0.430710,0.109055,3571912762.825266
0.539843,0.430942,0.108863,3571912762.835270
0.539881,0.431172,0.108672,3571912762.845271
0.539918,0.431401,0.108480,3571912762.855271
0.539954,0.431629,0.108289,3571912762.865272
0.539989,0.431855,0.108099,3571912762.875272
0.540023,0.432081,0.107908,3571912762.885272
0.540057,0.432305,0.107718,3571912762.895272
0.540089,0.432529,0.107528,3571912762.905273
0.540121,0.432751,0.107338,3571912762.915272
0.540152,0.432972,0.107149,3571912762.925270
0.540181,0.433192,0.106960,3571912762.935273
0.540210,0.433410,0.106771,3571912762.945273
0.540238,0.433628,0.106583,3571912762.955274
0.540265,0.433844,0.106394,3571912762.965274
0.540292,0.434059,0.106206,3571912762.975275
0.540317,0.434273,0.106019,3571912762.985275
0.540341,0.434486,0.105831,3571912762.995273
0.540365,0.434697,0.105644,3571912763.005276
0.540387,0.434908,0.105457,3571912763.015275
0.540409,0.435117,0.105270,3571912763.025272
0.540430,0.435325,0.105084,3571912763.035277
0.540450,0.435532,0.104898,3571912763.045276
0.540469,0.435738,0.104712,3571912763.055277
0.540487,0.435942,0.104527,3571912763.065277
0.540504,0.436145,0.104341,3571912763.075277
0.540520,0.436347,0.104156,3571912763.085277
0.540535,0.436548,0.103972,3571912763.095276
0.540550,0.436748,0.103787,3571912763.105278
0.540563,0.436947,0.103603,3571912763.115279
0.540576,0.437144,0.103419,3571912763.125275
0.540587,0.437340,0.103236,3571912763.135279
0.540598,0.437535,0.103052,3571912763.145279
0.540608,0.437729,0.102869,3571912763.155279
0.540617,0.437921,0.102686,3571912763.165279
0.540624,0.438113,0.102504,3571912763.175281
0.540631,0.438303,0.102322,3571912763.185280
0.540638,0.438492,0.102140,3571912763.195278
0.540643,0.438680,0.101958,3571912763.205281
0.540647,0.438866,0.101777,3571912763.215281
0.540650,0.439051,0.101595,3571912763.225277
0.540653,0.439236,0.101415,3571912763.235282
0.540654,0.439418,0.101234,3571912763.245282
0.540655,0.439600,0.101054,3571912763.255282
0.540654,0.439781,0.100874,3571912763.265283
0.540653,0.439960,0.100694,3571912763.275280
0.540651,0.440138,0.100515,3571912763.285283
0.540647,0.440315,0.100335,3571912763.295283
0.540643,0.440491,0.100157,3571912763.305284
0.540638,0.440665,0.099978,3571912763.315284
0.540632,0.440839,0.099800,3571912763.325280
0.540626,1.712142,-1.171510,3571912763.335285
0.540618,0.427921,0.112705,3571912763.345285
0.540609,0.428111,0.112507,3571912763.355287
0.540600,0.428299,0.112310,3571912763.365286
0.540589,0.428486,0.112114,3571912763.375285
0.540578,0.428671,0.111918,3571912763.385286
0.540565,0.428856,0.111722,3571912763.395285
0.540552,0.429039,0.111526,3571912763.405288
0.540538,0.429221,0.111331,3571912763.415287
0.540523,0.429402,0.111135,3571912763.425283
0.540507,0.429582,0.110941,3571912763.435287
0.540490,0.429761,0.110746,3571912763.445288
0.540472,0.429938,0.110552,3571912763.455287
0.540453,0.430114,0.110358,3571912763.465289
0.540433,0.430289,0.110164,3571912763.475288
0.540413,0.430462,0.109971,3571912763.485288
0.540391,0.430635,0.109778,3571912763.495288
0.540369,0.430806,0.109585,3571912763.505290
0.540346,0.430976,0.109393,3571912763.515290
0.540322,0.431145,0.109201,3571912763.525286
0.540296,0.431313,0.109009,3571912763.535291
0.540270,0.431479,0.108817,3571912763.545291
0.540244,0.431644,0.108626,3571912763.555291
0.540216,0.431808,0.108435,3571912763.565290
0.540187,0.431971,0.108245,3571912763.575291
0.540158,0.432133,0.108054,3571912763.585292
0.540127,0.432293,0.107864,3571912763.595292
0.540096,0.432453,0.107674,3571912763.605292
0.540064,0.432611,0.107485,3571912763.615293
0.540030,0.432768,0.107296,3571912763.625289
0.539997,0.432923,0.107107,3571912763.635293
0.539962,0.433078,0.106918,3571912763.645293
0.539926,0.433231,0.106730,3571912763.655294
0.539889,0.433384,0.106542,3571912763.665294
0.539852,0.433535,0.106355,3571912763.675294
0.539813,0.433685,0.106167,3571912763.685293
0.539774,0.433833,0.105980,3571912763.695294
0.539734,0.433981,0.105793,3571912763.705295
0.539693,0.434127,0.105607,3571912763.715295
0.539651,0.434272,0.105421,3571912763.725292
0.539609,0.434416,0.105235,3571912763.735295
0.539565,0.434559,0.105049,3571912763.745296
0.539521,0.434701,0.104864,3571912763.755297
0.539476,0.434842,0.104679,3571912763.765297
0.539430,0.434981,0.104495,3571912763.775298
0.539383,0.435119,0.104310,3571912763.785298
0.539335,0.435257,0.104126,3571912763.795296
0.539287,0.435393,0.103942,3571912763.805298
0.539237,0.435528,0.103759,3571912763.815298
0.539187,0.435661,0.103576,3571912763.825294
0.539136,0.435794,0.103393,3571912763.835299
0.539084,0.435925,0.103210,3571912763.845298
0.539031,0.436056,0.103028,3571912763.855299
0.538978,0.436185,0.102846,3571912763.865299
0.538924,0.436313,0.102665,3571912763.875300
0.538868,0.436440,0.102483,3571912763.885299
0.538813,0.436566,0.102302,3571912763.895299
0.538756,0.436691,0.102121,3571912763.905301
0.538698,0.436815,0.101941,3571912763.915301
0.538640,0.436938,0.101761,3571912763.925298
0.538581,0.437059,0.101581,3571912763.935301
0.538521,0.437180,0.101401,3571912763.945302
0.538460,0.437299,0.101222,3571912763.955302
0.538399,0.437417,0.101043,3571912763.965302
0.538337,0.437535,0.100864,3571912763.975302
0.538274,0.437651,0.100686,3571912763.985303
0.538210,0.437766,0.100508,3571912763.995301
0.538145,0.437880,0.100330,3571912764.005304
0.538080,0.437993,0.100153,3571912764.015304
0.538014,0.438105,0.099975,3571912764.025300
0.537947,0.438216,0.099798,3571912764.035305
0.537880,0.438326,0.099622,3571912764.045304
0.537812,0.438434,0.099446,3571912764.055305
0.537743,0.438542,0.099270,3571912764.065305
0.537673,0.438649,0.099094,3571912764.075306
0.537602,0.438754,0.098918,3571912764.085306
0.537531,0.438859,0.098743,3571912764.095306
0.537459,0.438963,0.098568,3571912764.105306
0.537387,0.439065,0.098394,3571912764.115306
0.537313,0.439167,0.098220,3571912764.125303
0.537239,0.439268,0.098046,3571912764.135308
0.537165,0.439367,0.097872,3571912764.145308
0.537089,0.439466,0.097699,3571912764.155308
0.537013,0.439564,0.097526,3571912764.165308
0.536936,0.439660,0.097353,3571912764.175309
0.536859,0.439756,0.097181,3571912764.185309
0.536781,0.439851,0.097008,3571912764.195309
0.536702,0.439944,0.096837,3571912764.205310
0.536623,0.440037,0.096665,3571912764.215309
0.536542,0.440129,0.096494,3571912764.225307
0.536462,0.440220,0.096323,3571912764.235310
0.536380,0.440310,0.096152,3571912764.245309
0.536298,0.440399,0.095982,3571912764.255311
0.536215,0.440487,0.095811,3571912764.265313
0.536132,0.440574,0.095642,3571912764.275310
0.536048,0.440660,0.095472,3571912764.285311
0.535964,0.440745,0.095303,3571912764.295311
0.535878,0.440830,0.095134,3571912764.305312
0.535792,0.440913,0.094965,3571912764.315313
0.535706,0.440996,0.094797,3571912764.325308
0.535619,2.433239,-1.897533,3571912764.335313
0.535531,0.409399,0.126220,3571912764.345314
0.535443,0.409524,0.126007,3571912764.355313
0.535354,0.409649,0.125794,3571912764.365314
0.535265,0.409773,0.125582,3571912764.375314
0.535175,0.409895,0.125370,3571912764.385314
0.535085,0.410017,0.125158,3571912764.395312
0.534993,0.410138,0.124947,3571912764.405315
0.534902,0.410258,0.124736,3571912764.415315
0.534810,0.410377,0.124525,3571912764.425312
0.534717,0.410495,0.124315,3571912764.435317
0.534624,0.410612,0.124105,3571912764.445317
0.534530,0.410729,0.123895,3571912764.455317
0.534436,0.410844,0.123686,3571912764.465317
0.534341,0.410959,0.123477,3571912764.475317
0.534245,0.411073,0.123268,3571912764.485317
0.534150,0.411186,0.123060,3571912764.495316
0.534053,0.411298,0.122852,3571912764.505317
0.533956,0.411409,0.122644,3571912764.515318
0.533859,0.411520,0.122437,3571912764.525315
0.533761,0.411629,0.122230,3571912764.535318
0.533663,0.411738,0.122023,3571912764.545320
0.533564,0.411846,0.121817,3571912764.555320
0.533465,0.411953,0.121611,3571912764.565319
0.533365,0.412060,0.121405,3571912764.575319
0.533265,0.412165,0.121200,3571912764.585320
0.533165,0.412270,0.120995,3571912764.595319
0.533064,0.412374,0.120790,3571912764.605322
0.532962,0.412478,0.120586,3571912764.615322
0.532860,0.412580,0.120382,3571912764.625317
0.532758,0.412682,0.120178,3571912764.635321
0.532655,0.412783,0.119975,3571912764.645321
0.532552,0.412883,0.119772,3571912764.655322
0.532449,0.412983,0.119569,3571912764.665322
0.532345,0.413082,0.119367,3571912764.675323
0.532240,0.413180,0.119165,3571912764.685322
0.532136,0.413277,0.118963,3571912764.695323
0.532031,0.413374,0.118762,3571912764.705323
0.531925,0.413470,0.118561,3571912764.715324
0.531820,0.413565,0.118360,3571912764.725320
0.531713,0.413660,0.118160,3571912764.735325
0.531607,0.413754,0.117960,3571912764.745325
0.531500,0.413847,0.117760,3571912764.755326
0.531393,0.413939,0.117561,3571912764.765326
0.531286,0.414031,0.117362,3571912764.775325
0.531178,0.414122,0.117163,3571912764.785326
0.531070,0.414213,0.116965,3571912764.795325
0.530961,0.414303,0.116767,3571912764.805327
0.530853,0.414392,0.116569,3571912764.815326
0.530744,0.414481,0.116371,3571912764.825323
0.530634,0.414569,0.116174,3571912764.835327
0.530525,0.414657,0.115978,3571912764.845327
0.530415,0.414744,0.115781,3571912764.855329
0.530305,0.414830,0.115585,3571912764.865327
0.530195,0.414916,0.115389,3571912764.875329
0.530084,0.415001,0.115194,3571912764.885329
0.529973,0.415085,0.114999,3571912764.895328
0.529862,0.415169,0.114804,3571912764.905330
0.529751,0.415253,0.114609,3571912764.915329
0.529639,0.415336,0.114415,3571912764.925326
0.529528,0.415418,0.114221,3571912764.935329
0.529416,0.415500,0.114028,3571912764.945331
0.529304,0.415581,0.113835,3571912764.955331
0.529191,0.415662,0.113642,3571912764.965331
0.529079,0.415742,0.113449,3571912764.975331
0.528966,0.415822,0.113257,3571912764.985332
0.528853,0.415901,0.113065,3571912764.995331
0.528740,0.415980,0.112873,3571912765.005332
0.528627,0.416059,0.112682,3571912765.015332
0.528514,0.416136,0.112491,3571912765.025328
0.528401,0.416214,0.112300,3571912765.035333
0.528287,0.416291,0.112110,3571912765.045333
0.528173,0.416367,0.111920,3571912765.055333
0.528059,0.416443,0.111730,3571912765.065334
0.527945,0.416519,0.111541,3571912765.075334
0.527831,0.416594,0.111352,3571912765.085334
0.527717,0.416669,0.111163,3571912765.095334
0.527603,0.416743,0.110974,3571912765.105335
0.527489,0.416817,0.110786,3571912765.115336
0.527374,0.416891,0.110598,3571912765.125331
0.527260,0.416964,0.110411,3571912765.135337
0.527145,0.417036,0.110223,3571912765.145336
0.527031,0.417109,0.110036,3571912765.155337
0.526916,0.417181,0.109850,3571912765.165337
0.526801,0.417253,0.109664,3571912765.175337
0.526687,0.417324,0.109478,3571912765.185337
0.526572,0.417395,0.109292,3571912765.195336
0.526457,0.417466,0.109106,3571912765.205338
0.526343,0.417536,0.108921,3571912765.215338
0.526228,0.417606,0.108737,3571912765.225334
0.526113,0.417676,0.108552,3571912765.235338
0.525998,0.417745,0.108368,3571912765.245338
0.525884,0.417814,0.108184,3571912765.255339
0.525769,0.417883,0.108001,3571912765.265341
0.525654,0.417951,0.107817,3571912765.275339
0.525540,0.418020,0.107634,3571912765.285340
0.525425,0.418088,0.107452,3571912765.295340
0.525310,0.418156,0.107269,3571912765.305340
0.525196,0.418223,0.107087,3571912765.315340
0.525082,0.418290,0.106906,3571912765.325337
0.524967,2.684420,-2.159339,3571912765.335342
0.524853,0.373471,0.151497,3571912765.345342
0.524739,0.373595,0.151258,3571912765.355341
0.524625,0.373719,0.151020,3571912765.365342
0.524511,0.373843,0.150782,3571912765.375342
0.524397,0.373966,0.150544,3571912765.385343
0.524283,0.374090,0.150307,3571912765.395342
0.524170,0.374213,0.150070,3571912765.405344
0.524056,0.374336,0.149834,3571912765.415344
0.523943,0.374459,0.149598,3571912765.425340
0.523830,0.374581,0.149362,3571912765.435344
0.523717,0.374703,0.149127,3571912765.445344
0.523604,0.374825,0.148892,3571912765.455346
0.523491,0.374947,0.148657,3571912765.465345
0.523379,0.375069,0.148422,3571912765.475345
0.523267,0.375191,0.148188,3571912765.485346
0.523155,0.375312,0.147955,3571912765.495345
0.523043,0.375433,0.147721,3571912765.505347
0.522931,0.375554,0.147488,3571912765.515347
0.522819,0.375675,0.147256,3571912765.525343
0.522708,0.375796,0.147023,3571912765.535346
0.522597,0.375917,0.146791,3571912765.545347
0.522486,0.376038,0.146560,3571912765.555347
0.522376,0.376158,0.146328,3571912765.565348
0.522265,0.376278,0.146097,3571912765.575349
0.522155,0.376399,0.145867,3571912765.585349
0.522046,0.376519,0.145636,3571912765.595347
0.521936,0.376639,0.145406,3571912765.605349
0.521827,0.376759,0.145177,3571912765.615349
0.521718,0.376879,0.144948,3571912765.625348
0.521609,0.376999,0.144719,3571912765.635350
0.521501,0.377119,0.144490,3571912765.645349
0.521393,0.377239,0.144262,3571912765.655350
0.521285,0.377359,0.144034,3571912765.665350
0.521178,0.377479,0.143806,3571912765.675351
0.521071,0.377599,0.143579,3571912765.685351
0.520964,0.377719,0.143352,3571912765.695351
0.520857,0.377838,0.143125,3571912765.705352
0.520751,0.377958,0.142899,3571912765.715352
0.520645,0.378078,0.142673,3571912765.725348
0.520540,0.378198,0.142447,3571912765.735353
0.520435,0.378318,0.142222,3571912765.745353
0.520330,0.378438,0.141997,3571912765.755353
0.520226,0.378558,0.141773,3571912765.765354
0.520122,0.378678,0.141548,3571912765.775354
0.520019,0.378798,0.141324,3571912765.785355
0.519916,0.378918,0.141101,3571912765.795354
0.519813,0.379038,0.140877,3571912765.805355
0.519711,0.379159,0.140654,3571912765.815355
0.519609,0.379279,0.140432,3571912765.825351
0.519508,0.379400,0.140209,3571912765.835356
0.519407,0.379520,0.139987,3571912765.845356
0.519306,0.379641,0.139765,3571912765.855357
0.519206,0.379762,0.139544,3571912765.865356
0.519106,0.379883,0.139323,3571912765.875357
0.519007,0.380004,0.139102,3571912765.885357
0.518908,0.380125,0.138882,3571912765.895356
0.518810,0.380247,0.138662,3571912765.905357
0.518712,0.380368,0.138442,3571912765.915357
0.518615,0.380490,0.138222,3571912765.925354
0.518518,0.380612,0.138003,3571912765.935359
0.518422,0.380734,0.137784,3571912765.945359
0.518326,0.380856,0.137566,3571912765.955359
0.518231,0.380978,0.137348,3571912765.965360
0.518136,0.381101,0.137130,3571912765.975359
0.518042,0.381224,0.136912,3571912765.985360
0.517948,0.381347,0.136695,3571912765.995359
0.517855,0.381470,0.136478,3571912766.005362
0.517762,0.381593,0.136261,3571912766.015361
0.517670,0.381717,0.136045,3571912766.025356
0.517578,0.381841,0.135829,3571912766.035362
0.517487,0.381965,0.135613,3571912766.045362
0.517397,0.382090,0.135398,3571912766.055363
0.517307,0.382214,0.135183,3571912766.065361
0.517218,0.382339,0.134968,3571912766.075362
0.517129,0.382464,0.134753,3571912766.085362
0.517041,0.382590,0.134539,3571912766.095363
0.516953,0.382715,0.134325,3571912766.105363
0.516866,0.382841,0.134112,3571912766.115364
0.516780,0.382968,0.133898,3571912766.125360
0.516694,0.383094,0.133685,3571912766.135365
0.516609,0.383221,0.133473,3571912766.145365
0.516524,0.383349,0.133260,3571912766.155365
0.516440,0.383476,0.133048,3571912766.165365
0.516357,0.383604,0.132836,3571912766.175365
0.516274,0.383732,0.132625,3571912766.185365
0.516192,0.383861,0.132414,3571912766.195364
0.516111,0.383990,0.132203,3571912766.205366
0.516030,0.384119,0.131992,3571912766.215366
0.515950,0.384248,0.131782,3571912766.225362
0.515871,0.384378,0.131572,3571912766.235368
0.515792,0.384509,0.131362,3571912766.245366
0.515714,0.384639,0.131153,3571912766.255368
0.515637,0.384770,0.130944,3571912766.265368
0.515560,0.384902,0.130735,3571912766.275366
0.515484,0.385034,0.130526,3571912766.285368
0.515408,0.385166,0.130318,3571912766.295368
0.515334,0.385298,0.130110,3571912766.305370
0.515260,0.385431,0.129902,3571912766.315369
0.515187,0.385565,0.129695,3571912766.325365
0.515114,2.685703,-2.170516,3571912766.335370
0.515042,0.340286,0.174828,3571912766.345370
0.514971,0.340472,0.174570,3571912766.355371
0.514901,0.340659,0.174313,3571912766.365371
0.514831,0.340846,0.174055,3571912766.375371
0.514762,0.341033,0.173798,3571912766.385371
0.514694,0.341221,0.173541,3571912766.395370
0.514627,0.341409,0.173285,3571912766.405373
0.514560,0.341598,0.173029,3571912766.415373
0.514494,0.341787,0.172773,3571912766.425368
0.514429,0.341976,0.172518,3571912766.435372
0.514364,0.342166,0.172262,3571912766.445373
0.514301,0.342357,0.172007,3571912766.455373
0.514238,0.342548,0.171753,3571912766.465374
0.514176,0.342739,0.171499,3571912766.475375
0.514114,0.342931,0.171245,3571912766.485373
0.514054,0.343123,0.170991,3571912766.495373
0.513994,0.343316,0.170738,3571912766.505374
0.513935,0.343509,0.170485,3571912766.515375
0.513877,0.343703,0.170232,3571912766.525371
0.513819,0.343897,0.169979,3571912766.535376
0.513763,0.344092,0.169727,3571912766.545376
0.513707,0.344287,0.169475,3571912766.555375
0.513652,0.344483,0.169224,3571912766.565376
0.513598,0.344679,0.168972,3571912766.575376
0.513544,0.344876,0.168721,3571912766.585377
0.513492,0.345074,0.168471,3571912766.595376
0.513440,0.345271,0.168220,3571912766.605378
0.513389,0.345470,0.167970,3571912766.615377
0.513339,0.345669,0.167720,3571912766.625373
0.513289,0.345868,0.167471,3571912766.635378
0.513241,0.346068,0.167222,3571912766.645379
0.513193,0.346268,0.166973,3571912766.655379
0.513147,0.346469,0.166724,3571912766.665379
0.513101,0.346671,0.166476,3571912766.675379
0.513056,0.346873,0.166227,3571912766.685379
0.513011,0.347076,0.165980,3571912766.695379
0.512968,0.347279,0.165732,3571912766.705381
0.512925,0.347483,0.165485,3571912766.715381
0.512884,0.347687,0.165238,3571912766.725377
0.512843,0.347892,0.164991,3571912766.735381
0.512803,0.348098,0.164745,3571912766.745380
0.512764,0.348304,0.164499,3571912766.755382
0.512726,0.348511,0.164253,3571912766.765383
0.512688,0.348718,0.164008,3571912766.775383
0.512652,0.348926,0.163762,3571912766.785383
0.512616,0.349134,0.163517,3571912766.795382
0.512581,0.349343,0.163273,3571912766.805383
0.512547,0.349553,0.163028,3571912766.815384
0.512514,0.349763,0.162784,3571912766.825380
0.512482,0.349974,0.162540,3571912766.835384
0.512451,0.350186,0.162297,3571912766.845385
0.512421,0.350398,0.162053,3571912766.855384
0.512391,0.350610,0.161810,3571912766.865384
0.512363,0.350824,0.161568,3571912766.875386
0.512335,0.351038,0.161325,3571912766.885386
0.512308,0.351252,0.161083,3571912766.895386
0.512283,0.351467,0.160841,3571912766.905386
0.512258,0.351683,0.160599,3571912766.915385
0.512234,0.351900,0.160358,3571912766.925383
0.512210,0.352117,0.160117,3571912766.935386
0.512188,0.352334,0.159876,3571912766.945386
0.512167,0.352553,0.159635,3571912766.955388
0.512146,0.352772,0.159395,3571912766.965387
0.512127,0.352991,0.159155,3571912766.975388
0.512108,0.353211,0.158915,3571912766.985389
0.512090,0.353432,0.158676,3571912766.995388
0.512074,0.353654,0.158437,3571912767.005388
0.512058,0.353876,0.158198,3571912767.015389
0.512043,0.354099,0.157959,3571912767.025386
0.512029,0.354322,0.157720,3571912767.035389
0.512016,0.354546,0.157482,3571912767.045390
0.512003,0.354771,0.157244,3571912767.055390
0.511992,0.354997,0.157007,3571912767.065391
0.511982,0.355223,0.156769,3571912767.075392
0.511972,0.355449,0.156532,3571912767.085391
0.511964,0.355677,0.156295,3571912767.095391
0.511956,0.355905,0.156059,3571912767.105391
0.511949,0.356134,0.155822,3571912767.115391
0.511943,0.356363,0.155586,3571912767.125388
0.511939,0.356593,0.155350,3571912767.135393
0.511935,0.356824,0.155115,3571912767.145394
0.511932,0.357055,0.154879,3571912767.155393
0.511929,0.357287,0.154644,3571912767.165392
0.511928,0.357520,0.154409,3571912767.175393
0.511928,0.357753,0.154175,3571912767.185394
0.511929,0.357987,0.153941,3571912767.195393
0.511930,0.358222,0.153707,3571912767.205395
0.511933,0.358458,0.153473,3571912767.215395
0.511936,0.358694,0.153239,3571912767.225391
0.511941,0.358930,0.153006,3571912767.235395
0.511946,0.359168,0.152773,3571912767.245396
0.511952,0.359406,0.152540,3571912767.255396
0.511959,0.359645,0.152307,3571912767.265396
0.511967,0.359884,0.152075,3571912767.275394
0.511976,0.360124,0.151843,3571912767.285396
0.511986,0.360365,0.151611,3571912767.295395
0.511997,0.360607,0.151380,3571912767.305398
0.512009,0.360849,0.151148,3571912767.315399
0.512021,0.361091,0.150917,3571912767.325396
0.512035,-1.896781,2.408802,3571912767.335398
0.512049,0.378282,0.133753,3571912767.345399
0.512065,0.378507,0.133542,3571912767.355398
0.512081,0.378734,0.133331,3571912767.365398
0.512098,0.378960,0.133121,3571912767.375400
0.512117,0.379188,0.132910,3571912767.385400
0.512136,0.379416,0.132700,3571912767.395399
0.512156,0.379645,0.132491,3571912767.405400
0.512176,0.379874,0.132281,3571912767.415400
0.512198,0.380105,0.132072,3571912767.425397
0.512221,0.380335,0.131863,3571912767.435402
0.512245,0.380567,0.131654,3571912767.445401
0.512269,0.380799,0.131445,3571912767.455401
0.512295,0.381032,0.131237,3571912767.465402
0.512321,0.381266,0.131029,3571912767.475401
0.512348,0.381500,0.130821,3571912767.485402
0.512376,0.381735,0.130613,3571912767.495403
0.512405,0.381970,0.130406,3571912767.505403
0.512435,0.382207,0.130199,3571912767.515403
0.512466,0.382443,0.129992,3571912767.525399
0.512498,0.382681,0.129785,3571912767.535403
0.512530,0.382919,0.129578,3571912767.545404
0.512564,0.383158,0.129372,3571912767.555404
0.512598,0.383398,0.129166,3571912767.565404
0.512633,0.383638,0.128960,3571912767.575406
0.512670,0.383879,0.128755,3571912767.585404
0.512707,0.384120,0.128549,3571912767.595405
0.512744,0.384362,0.128344,3571912767.605405
0.512783,0.384605,0.128139,3571912767.615407
0.512823,0.384849,0.127935,3571912767.625403
0.512863,0.385093,0.127730,3571912767.635406
0.512905,0.385337,0.127526,3571912767.645407
0.512947,0.385583,0.127322,3571912767.655407
0.512990,0.385829,0.127118,3571912767.665409
0.513034,0.386075,0.126915,3571912767.675409
0.513079,0.386323,0.126711,3571912767.685408
0.513124,0.386571,0.126508,3571912767.695407
0.513171,0.386819,0.126305,3571912767.705410
0.513218,0.387068,0.126103,3571912767.715409
0.513267,0.387318,0.125900,3571912767.725405
0.513316,0.387569,0.125698,3571912767.735410
0.513365,0.387820,0.125496,3571912767.745410
0.513416,0.388071,0.125294,3571912767.755411
0.513468,0.388324,0.125093,3571912767.765411
0.513520,0.388577,0.124891,3571912767.775411
0.513573,0.388830,0.124690,3571912767.785412
0.513627,0.389084,0.124489,3571912767.795410
0.513682,0.389339,0.124288,3571912767.805411
0.513738,0.389594,0.124088,3571912767.815412
0.513794,0.389850,0.123888,3571912767.825408
0.513852,0.390107,0.123688,3571912767.835413
0.513910,0.390364,0.123488,3571912767.845412
0.513969,0.390621,0.123288,3571912767.855413
0.514028,0.390880,0.123089,3571912767.865413
0.514089,0.391138,0.122890,3571912767.875414
0.514150,0.391398,0.122691,3571912767.885413
0.514212,0.391658,0.122492,3571912767.895412
0.514275,0.391918,0.122294,3571912767.905414
0.514339,0.392179,0.122095,3571912767.915415
0.514403,0.392441,0.121897,3571912767.925412
0.514468,0.392703,0.121700,3571912767.935415
0.514534,0.392966,0.121502,3571912767.945415
0.514601,0.393230,0.121304,3571912767.955416
0.514668,0.393493,0.121107,3571912767.965416
0.514736,0.393758,0.120910,3571912767.975417
0.514805,0.394023,0.120714,3571912767.985417
0.514875,0.394288,0.120517,3571912767.995416
0.514945,0.394554,0.120321,3571912768.005418
0.515017,0.394821,0.120124,3571912768.015418
0.515088,0.395088,0.119929,3571912768.025414
0.515161,0.395356,0.119733,3571912768.035419
0.515234,0.395624,0.119537,3571912768.045418
0.515309,0.395892,0.119342,3571912768.055418
0.515383,0.396162,0.119147,3571912768.065419
0.515459,0.396431,0.118952,3571912768.075419
0.515535,0.396701,0.118757,3571912768.085419
0.515612,0.396972,0.118563,3571912768.095419
0.515689,0.397243,0.118369,3571912768.105420
0.515768,0.397515,0.118175,3571912768.115420
0.515847,0.397787,0.117981,3571912768.125417
0.515926,0.398059,0.117787,3571912768.135420
0.516006,0.398332,0.117594,3571912768.145422
0.516087,0.398606,0.117401,3571912768.155422
0.516169,0.398880,0.117208,3571912768.165422
0.516251,0.399154,0.117015,3571912768.175423
0.516334,0.399429,0.116822,3571912768.185422
0.516418,0.399704,0.116630,3571912768.195421
0.516502,0.399980,0.116438,3571912768.205422
0.516587,0.400256,0.116246,3571912768.215424
0.516672,0.400533,0.116054,3571912768.225419
0.516759,0.400810,0.115863,3571912768.235424
0.516845,0.401087,0.115672,3571912768.245424
0.516933,0.401365,0.115480,3571912768.255424
0.517021,0.401643,0.115290,3571912768.265425
0.517109,0.401922,0.115099,3571912768.275424
0.517198,0.402201,0.114908,3571912768.285425
0.517288,0.402480,0.114718,3571912768.295424
0.517378,0.402760,0.114528,3571912768.305426
0.517469,0.403040,0.114338,3571912768.315426
0.517561,0.403321,0.114149,3571912768.325423
0.517653,1.979626,-1.462066,3571912768.335427
0.517745,0.385755,0.131897,3571912768.345428
0.517838,0.386060,0.131685,3571912768.355427
0.517932,0.386365,0.131473,3571912768.365427
0.518026,0.386671,0.131261,3571912768.375428
0.518121,0.386977,0.131050,3571912768.385428
0.518217,0.387283,0.130839,3571912768.395427
0.518312,0.387589,0.130627,3571912768.405429
0.518409,0.387896,0.130416,3571912768.415429
0.518506,0.388203,0.130206,3571912768.425426
0.518603,0.388511,0.129995,3571912768.435429
0.518701,0.388818,0.129785,3571912768.445429
0.518799,0.389126,0.129575,3571912768.455431
0.518898,0.389435,0.129365,3571912768.465430
0.518998,0.389743,0.129155,3571912768.475431
0.519097,0.390052,0.128946,3571912768.485431
0.519198,0.390361,0.128736,3571912768.495430
0.519299,0.390670,0.128527,3571912768.505432
0.519400,0.390980,0.128318,3571912768.515433
0.519501,0.391290,0.128110,3571912768.525428
0.519604,0.391600,0.127901,3571912768.535432
0.519706,0.391910,0.127693,3571912768.545432
0.519809,0.392221,0.127485,3571912768.555433
0.519912,0.392532,0.127277,3571912768.565432
0.520016,0.392843,0.127070,3571912768.575434
0.520121,0.393154,0.126862,3571912768.585433
0.520225,0.393465,0.126655,3571912768.595432
0.520330,0.393777,0.126448,3571912768.605433
0.520436,0.394089,0.126241,3571912768.615434
0.520541,0.394401,0.126035,3571912768.625431
0.520648,0.394713,0.125828,3571912768.635436
0.520754,0.395025,0.125622,3571912768.645435
0.520861,0.395338,0.125416,3571912768.655435
0.520968,0.395651,0.125210,3571912768.665435
0.521076,0.395963,0.125005,3571912768.675436
0.521184,0.396276,0.124800,3571912768.685437
0.521292,0.396589,0.124594,3571912768.695437
0.521401,0.396903,0.124390,3571912768.705437
0.521510,0.397216,0.124185,3571912768.715437
0.521619,0.397529,0.123980,3571912768.725434
0.521729,0.397843,0.123776,3571912768.735438
0.521838,0.398157,0.123572,3571912768.745438
0.521949,0.398470,0.123368,3571912768.755439
0.522059,0.398784,0.123164,3571912768.765440
0.522170,0.399098,0.122961,3571912768.775439
0.522281,0.399412,0.122758,3571912768.785439
0.522392,0.399726,0.122555,3571912768.795438
0.522504,0.400040,0.122352,3571912768.805439
0.522615,0.400354,0.122149,3571912768.815440
0.522727,0.400668,0.121947,3571912768.825437
0.522840,0.400983,0.121745,3571912768.835441
0.522952,0.401297,0.121543,3571912768.845441
0.523065,0.401611,0.121341,3571912768.855442
0.523178,0.401925,0.121139,3571912768.865442
0.523291,0.402240,0.120938,3571912768.875442
0.523404,0.402554,0.120737,3571912768.885442
0.523518,0.402868,0.120536,3571912768.895441
0.523631,0.403183,0.120335,3571912768.905443
0.523745,0.403497,0.120135,3571912768.915443
0.523859,0.403811,0.119934,3571912768.925439
0.523973,0.404125,0.119734,3571912768.935444
0.524088,0.404439,0.119534,3571912768.945445
0.524202,0.404753,0.119334,3571912768.955443
0.524317,0.405067,0.119135,3571912768.965444
0.524432,0.405381,0.118936,3571912768.975445
0.524547,0.405695,0.118737,3571912768.985445
0.524662,0.406009,0.118538,3571912768.995445
0.524777,0.406322,0.118339,3571912769.005446
0.524892,0.406636,0.118141,3571912769.015446
0.525007,0.406949,0.117942,3571912769.025444
0.525123,0.407263,0.117744,3571912769.035446
0.525238,0.407576,0.117547,3571912769.045446
0.525354,0.407889,0.117349,3571912769.055448
0.525469,0.408202,0.117152,3571912769.065448
0.525585,0.408515,0.116954,3571912769.075448
0.525701,0.408828,0.116758,3571912769.085449
0.525817,0.409140,0.116561,3571912769.095448
0.525932,0.409452,0.116364,3571912769.105448
0.526048,0.409764,0.116168,3571912769.115449
0.526164,0.410076,0.115972,3571912769.125445
0.526280,0.410388,0.115776,3571912769.135450
0.526396,0.410700,0.115580,3571912769.145450
0.526512,0.411011,0.115385,3571912769.155450
0.526628,0.411322,0.115189,3571912769.165450
0.526744,0.411633,0.114994,3571912769.175451
0.526859,0.411944,0.114800,3571912769.185452
0.526975,0.412254,0.114605,3571912769.195450
0.527091,0.412565,0.114410,3571912769.205451
0.527207,0.412875,0.114216,3571912769.215452
0.527322,0.413184,0.114022,3571912769.225448
0.527438,0.413494,0.113829,3571912769.235453
0.527554,0.413803,0.113635,3571912769.245453
0.527669,0.414112,0.113442,3571912769.255453
0.527784,0.414421,0.113248,3571912769.265453
0.527900,0.414729,0.113056,3571912769.275451
0.528015,0.415037,0.112863,3571912769.285453
0.528130,0.415345,0.112670,3571912769.295454
0.528245,0.415652,0.112478,3571912769.305453
0.528360,0.415959,0.112286,3571912769.315454
0.528475,0.416266,0.112094,3571912769.325451
0.528589,-1.070068,1.598542,3571912769.335454
0.528704,0.421527,0.107063,3571912769.345455
0.528818,0.421826,0.106878,3571912769.355456
0.528932,0.422125,0.106693,3571912769.365457
0.529046,0.422423,0.106509,3571912769.375456
0.529160,0.422721,0.106325,3571912769.385456
0.529274,0.423019,0.106141,3571912769.395456
0.529387,0.423316,0.105958,3571912769.405457
0.529500,0.423613,0.105774,3571912769.415458
0.529613,0.423909,0.105591,3571912769.425453
0.529726,0.424205,0.105408,3571912769.435458
0.529839,0.424501,0.105225,3571912769.445458
0.529951,0.424796,0.105043,3571912769.455458
0.530063,0.425091,0.104861,3571912769.465459
0.530175,0.425385,0.104679,3571912769.475460
0.530287,0.425679,0.104497,3571912769.485460
0.530398,0.425972,0.104315,3571912769.495459
0.530510,0.426265,0.104134,3571912769.505459
0.530621,0.426557,0.103952,3571912769.515460
0.530731,0.426849,0.103771,3571912769.525456
0.530842,0.427141,0.103591,3571912769.535460
0.530952,0.427431,0.103410,3571912769.545462
0.531061,0.427722,0.103230,3571912769.555460
0.531171,0.428012,0.103050,3571912769.565461
0.531280,0.428301,0.102870,3571912769.575462
0.531389,0.428590,0.102690,3571912769.585462
0.531497,0.428878,0.102510,3571912769.595461
0.531606,0.429166,0.102331,3571912769.605463
0.531713,0.429453,0.102152,3571912769.615463
0.531821,0.429740,0.101973,3571912769.625460
0.531928,0.430026,0.101795,3571912769.635464
0.532035,0.430312,0.101616,3571912769.645463
0.532141,0.430597,0.101438,3571912769.655465
0.532247,0.430881,0.101260,3571912769.665465
0.532353,0.431165,0.101083,3571912769.675464
0.532459,0.431448,0.100905,3571912769.685464
0.532563,0.431731,0.100728,3571912769.695465
0.532668,0.432013,0.100551,3571912769.705465
0.532772,0.432294,0.100374,3571912769.715466
0.532876,0.432575,0.100197,3571912769.725463
0.532979,0.432855,0.100021,3571912769.735466
0.533082,0.433134,0.099845,3571912769.745467
0.533184,0.433413,0.099669,3571912769.755467
0.533286,0.433691,0.099493,3571912769.765468
0.533388,0.433969,0.099318,3571912769.775467
0.533489,0.434245,0.099142,3571912769.785469
0.533590,0.434522,0.098967,3571912769.795467
0.533690,0.434797,0.098793,3571912769.805468
0.533789,0.435072,0.098618,3571912769.815469
0.533889,0.435346,0.098444,3571912769.825465
0.533987,0.435619,0.098270,3571912769.835470
0.534086,0.435892,0.098096,3571912769.845469
0.534183,0.436164,0.097922,3571912769.855469
0.534281,0.436435,0.097748,3571912769.865469
0.534377,0.436705,0.097575,3571912769.875470
0.534474,0.436975,0.097402,3571912769.885470
0.534569,0.437244,0.097229,3571912769.895471
0.534665,0.437513,0.097057,3571912769.905471
0.534759,0.437780,0.096885,3571912769.915472
0.534853,0.438047,0.096712,3571912769.925468
0.534947,0.438313,0.096541,3571912769.935472
0.535040,0.438578,0.096369,3571912769.945472
0.535132,0.438842,0.096198,3571912769.955474
0.535224,0.439106,0.096026,3571912769.965472
0.535316,0.439369,0.095855,3571912769.975473
0.535406,0.439631,0.095685,3571912769.985473
0.535497,0.439892,0.095514,3571912769.995473
0.535586,0.440153,0.095344,3571912770.005473
0.535675,0.440412,0.095174,3571912770.015475
0.535763,0.440671,0.095004,3571912770.025471
0.535851,0.440929,0.094834,3571912770.035475
0.535938,0.441186,0.094665,3571912770.045475
0.536025,0.441443,0.094496,3571912770.055475
0.536111,0.441698,0.094327,3571912770.065475
0.536196,0.441953,0.094158,3571912770.075477
0.536281,0.442206,0.093990,3571912770.085476
0.536365,0.442459,0.093822,3571912770.095476
0.536448,0.442711,0.093654,3571912770.105477
0.536531,0.442963,0.093486,3571912770.115477
0.536613,0.443213,0.093318,3571912770.125474
0.536695,0.443462,0.093151,3571912770.135479
0.536776,0.443711,0.092984,3571912770.145478
0.536856,0.443958,0.092817,3571912770.155478
0.536935,0.444205,0.092651,3571912770.165479
0.537014,0.444451,0.092484,3571912770.175479
0.537092,0.444696,0.092318,3571912770.185479
0.537169,0.444940,0.092152,3571912770.195478
0.537246,0.445183,0.091987,3571912770.205480
0.537322,0.445425,0.091821,3571912770.215479
0.537397,0.445666,0.091656,3571912770.225476
0.537472,0.445906,0.091491,3571912770.235480
0.537546,0.446146,0.091326,3571912770.245480
0.537619,0.446384,0.091162,3571912770.255481
0.537691,0.446621,0.090998,3571912770.265482
0.537763,0.446858,0.090834,3571912770.275482
0.537834,0.447093,0.090670,3571912770.285482
0.537904,0.447328,0.090506,3571912770.295481
0.537974,0.447561,0.090343,3571912770.305483
0.538043,0.447794,0.090180,3571912770.315483
0.538111,0.448026,0.090017,3571912770.325480
0.538178,1.990910,-1.452799,3571912770.335484
0.538244,0.429929,0.108249,3571912770.345484
0.538310,0.430186,0.108059,3571912770.355484
0.538375,0.430441,0.107869,3571912770.365484
0.538439,0.430696,0.107679,3571912770.375485
0.538503,0.430950,0.107490,3571912770.385485
0.538565,0.431202,0.107301,3571912770.395484
0.538627,0.431454,0.107112,3571912770.405486
0.538688,0.431704,0.106923,3571912770.415486
0.538749,0.431954,0.106735,3571912770.425483
0.538808,0.432202,0.106547,3571912770.435486
0.538867,0.432449,0.106359,3571912770.445487
0.538925,0.432696,0.106171,3571912770.455486
0.538982,0.432941,0.105984,3571912770.465487
0.539038,0.433185,0.105797,3571912770.475488
0.539094,0.433428,0.105610,3571912770.485487
0.539148,0.433670,0.105423,3571912770.495488
0.539202,0.433911,0.105237,3571912770.505488
0.539255,0.434151,0.105051,3571912770.515489
0.539307,0.434390,0.104865,3571912770.525486
0.539359,0.434628,0.104680,3571912770.535489
0.539409,0.434864,0.104494,3571912770.545489
0.539459,0.435100,0.104309,3571912770.555489
0.539508,0.435335,0.104125,3571912770.565491
0.539556,0.435568,0.103940,3571912770.575490
0.539603,0.435800,0.103756,3571912770.585490
0.539649,0.436031,0.103572,3571912770.595489
0.539695,0.436261,0.103388,3571912770.605491
0.539740,0.436490,0.103205,3571912770.615491
0.539783,0.436718,0.103021,3571912770.625488
0.539826,0.436945,0.102839,3571912770.635491
0.539868,0.437170,0.102656,3571912770.645493
0.539910,0.437395,0.102473,3571912770.655492
0.539950,0.437618,0.102291,3571912770.665493
0.539989,0.437840,0.102109,3571912770.675494
0.540028,0.438062,0.101928,3571912770.685493
0.540066,0.438281,0.101746,3571912770.695493
0.540102,0.438500,0.101565,3571912770.705494
0.540138,0.438718,0.101384,3571912770.715495
0.540173,0.438934,0.101204,3571912770.725492
0.540208,0.439150,0.101024,3571912770.735495
0.540241,0.439364,0.100844,3571912770.745494
0.540273,0.439577,0.100664,3571912770.755495
0.540305,0.439789,0.100484,3571912770.765497
0.540335,0.440000,0.100305,3571912770.775495
0.540365,0.440210,0.100126,3571912770.785497
0.540394,0.440418,0.099947,3571912770.795496
0.540422,0.440625,0.099769,3571912770.805497
0.540449,0.440831,0.099591,3571912770.815496
0.540475,0.441036,0.099413,3571912770.825494
0.540500,0.441240,0.099235,3571912770.835497
0.540525,0.441443,0.099058,3571912770.845498
0.540548,0.441644,0.098881,3571912770.855498
0.540571,0.441845,0.098704,3571912770.865499
0.540592,0.442044,0.098527,3571912770.875499
0.540613,0.442242,0.098351,3571912770.885498
0.540633,0.442438,0.098175,3571912770.895498
0.540652,0.442634,0.097999,3571912770.905499
0.540670,0.442829,0.097823,3571912770.915499
0.540687,0.443022,0.097648,3571912770.925497
0.540703,0.443214,0.097473,3571912770.935501
0.540718,0.443405,0.097298,3571912770.945501
0.540733,0.443594,0.097124,3571912770.955501
0.540746,0.443783,0.096950,3571912770.965501
0.540759,0.443970,0.096776,3571912770.975502
0.540770,0.444156,0.096602,3571912770.985501
0.540781,0.444341,0.096429,3571912770.995502
0.540791,0.444525,0.096256,3571912771.005502
0.540799,0.444708,0.096083,3571912771.015503
0.540807,0.444889,0.095910,3571912771.025499
0.540814,0.445069,0.095738,3571912771.035505
0.540820,0.445248,0.095566,3571912771.045504
0.540825,0.445426,0.095394,3571912771.055503
0.540830,0.445603,0.095223,3571912771.065504
0.540833,0.445778,0.095051,3571912771.075505
0.540835,0.445952,0.094880,3571912771.085504
0.540837,0.446125,0.094710,3571912771.095505
0.540837,0.446297,0.094539,3571912771.105505
0.540837,0.446468,0.094369,3571912771.115506
0.540835,0.446637,0.094199,3571912771.125503
0.540833,0.446806,0.094030,3571912771.135505
0.540830,0.446973,0.093860,3571912771.145506
0.540826,0.447139,0.093691,3571912771.155508
0.540821,0.447303,0.093523,3571912771.165506
0.540815,0.447467,0.093354,3571912771.175507
0.540808,0.447629,0.093186,3571912771.185508
0.540800,0.447790,0.093018,3571912771.195507
0.540792,0.447950,0.092850,3571912771.205508
0.540782,0.448109,0.092683,3571912771.215508
0.540771,0.448267,0.092515,3571912771.225504
0.540760,0.448423,0.092348,3571912771.235508
0.540748,0.448578,0.092182,3571912771.245509
0.540734,0.448732,0.092015,3571912771.255508
0.540720,0.448885,0.091849,3571912771.265511
0.540705,0.449036,0.091684,3571912771.275509
0.540689,0.449187,0.091518,3571912771.285511
0.540672,0.449336,0.091353,3571912771.295509
0.540654,0.449484,0.091188,3571912771.305511
0.540635,0.449631,0.091023,3571912771.315512
0.540616,0.449777,0.090859,3571912771.325508
0.540595,2.352389,-1.811773,3571912771.335512
0.540574,0.419382,0.121213,3571912771.345511
0.540551,0.419570,0.121004,3571912771.355513
0.540528,0.419756,0.120795,3571912771.365513
0.540504,0.419941,0.120586,3571912771.375513
0.540479,0.420125,0.120378,3571912771.385513
0.540453,0.420308,0.120170,3571912771.395513
0.540426,0.420490,0.119963,3571912771.405515
0.540398,0.420671,0.119755,3571912771.415514
0.540369,0.420850,0.119548,3571912771.425511
0.540340,0.421028,0.119341,3571912771.435515
0.540309,0.421205,0.119135,3571912771.445514
0.540278,0.421380,0.118929,3571912771.455515
0.540246,0.421555,0.118723,3571912771.465516
0.540213,0.421728,0.118518,3571912771.475516
0.540179,0.421900,0.118312,3571912771.485516
0.540144,0.422071,0.118107,3571912771.495516
0.540108,0.422241,0.117903,3571912771.505516
0.540071,0.422409,0.117699,3571912771.515517
0.540034,0.422577,0.117495,3571912771.525513
0.539995,0.422743,0.117291,3571912771.535517
0.539956,0.422908,0.117088,3571912771.545518
0.539916,0.423071,0.116885,3571912771.555518
0.539875,0.423234,0.116682,3571912771.565518
0.539833,0.423395,0.116480,3571912771.575519
0.539791,0.423556,0.116278,3571912771.585519
0.539747,0.423715,0.116076,3571912771.595518
0.539703,0.423873,0.115875,3571912771.605519
0.539658,0.424029,0.115674,3571912771.615520
0.539612,0.424185,0.115473,3571912771.625516
0.539565,0.424339,0.115272,3571912771.635520
0.539517,0.424493,0.115072,3571912771.645521
0.539468,0.424645,0.114872,3571912771.655521
0.539419,0.424796,0.114673,3571912771.665520
0.539369,0.424945,0.114474,3571912771.675521
0.539318,0.425094,0.114275,3571912771.685522
0.539266,0.425242,0.114076,3571912771.695521
0.539213,0.425388,0.113878,3571912771.705523
0.539160,0.425533,0.113680,3571912771.715523
0.539105,0.425677,0.113482,3571912771.725519
0.539050,0.425820,0.113285,3571912771.735523
0.538994,0.425962,0.113088,3571912771.745523
0.538937,0.426103,0.112891,3571912771.755525
0.538880,0.426243,0.112695,3571912771.765525
0.538822,0.426381,0.112499,3571912771.775525
0.538762,0.426519,0.112303,3571912771.785525
0.538703,0.426655,0.112107,3571912771.795524
0.538642,0.426790,0.111912,3571912771.805526
0.538580,0.426924,0.111718,3571912771.815526
0.538518,0.427057,0.111523,3571912771.825522
0.538455,0.427189,0.111329,3571912771.835526
0.538391,0.427320,0.111135,3571912771.845526
0.538327,0.427450,0.110941,3571912771.855526
0.538262,0.427579,0.110748,3571912771.865527
0.538195,0.427706,0.110555,3571912771.875527
0.538129,0.427833,0.110363,3571912771.885527
0.538061,0.427958,0.110170,3571912771.895527
0.537993,0.428083,0.109978,3571912771.905528
0.537924,0.428206,0.109787,3571912771.915528
0.537854,0.428329,0.109595,3571912771.925526
0.537784,0.428450,0.109404,3571912771.935529
0.537712,0.428570,0.109214,3571912771.945529
0.537640,0.428689,0.109023,3571912771.955529
0.537568,0.428807,0.108833,3571912771.965529
0.537494,0.428925,0.108643,3571912771.975530
0.537420,0.429041,0.108454,3571912771.985531
0.537346,0.429156,0.108265,3571912771.995530
0.537270,0.429270,0.108076,3571912772.005531
0.537194,0.429383,0.107887,3571912772.015531
0.537117,0.429495,0.107699,3571912772.025527
0.537040,0.429606,0.107511,3571912772.035532
0.536962,0.429716,0.107323,3571912772.045532
0.536883,0.429825,0.107136,3571912772.055533
0.536803,0.429934,0.106949,3571912772.065532
0.536723,0.430041,0.106762,3571912772.075532
0.536642,0.430147,0.106576,3571912772.085532
0.536561,0.430252,0.106390,3571912772.095533
0.536479,0.430356,0.106204,3571912772.105534
0.536396,0.430460,0.106019,3571912772.115534
0.536312,0.430562,0.105834,3571912772.125531
0.536228,0.430663,0.105649,3571912772.135534
0.536144,0.430764,0.105464,3571912772.145535
0.536058,0.430863,0.105280,3571912772.155535
0.535972,0.430962,0.105096,3571912772.165535
0.535886,0.431060,0.104913,3571912772.175536
0.535799,0.431157,0.104729,3571912772.185535
0.535711,0.431252,0.104547,3571912772.195535
0.535623,0.431347,0.104364,3571912772.205537
0.535534,0.431441,0.104182,3571912772.215537
0.535445,0.431535,0.104000,3571912772.225533
0.535355,0.431627,0.103818,3571912772.235538
0.535264,0.431718,0.103636,3571912772.245537
0.535173,0.431809,0.103455,3571912772.255537
0.535081,0.431898,0.103274,3571912772.265539
0.534989,0.431987,0.103094,3571912772.275539
0.534896,0.432075,0.102914,3571912772.285538
0.534803,0.432162,0.102734,3571912772.295539
0.534709,0.432248,0.102554,3571912772.305539
0.534614,0.432334,0.102375,3571912772.315540
0.534520,0.432418,0.102196,3571912772.325536
0.534424,4.022176,-3.487657,3571912772.335540
0.534328,0.293158,0.241266,3571912772.345540
0.534232,0.293399,0.240929,3571912772.355541
0.534135,0.293639,0.240593,3571912772.365541
0.534037,0.293878,0.240257,3571912772.375542
0.533939,0.294116,0.239921,3571912772.385541
0.533841,0.294354,0.239586,3571912772.395541
0.533742,0.294590,0.239251,3571912772.405541
0.533643,0.294826,0.238916,3571912772.415544
0.533543,0.295061,0.238582,3571912772.425539
0.533443,0.295295,0.238248,3571912772.435542
0.533342,0.295528,0.237915,3571912772.445543
0.533241,0.295760,0.237582,3571912772.455544
0.533139,0.295991,0.237249,3571912772.465544
0.533037,0.296222,0.236917,3571912772.475545
0.532935,0.296452,0.236585,3571912772.485545
0.532832,0.296681,0.236254,3571912772.495544
0.532729,0.296909,0.235923,3571912772.505545
0.532625,0.297136,0.235592,3571912772.515545
0.532521,0.297363,0.235262,3571912772.525542
0.532417,0.297589,0.234932,3571912772.535546
0.532312,0.297814,0.234603,3571912772.545547
0.532207,0.298038,0.234274,3571912772.555545
0.532101,0.298262,0.233945,3571912772.565547
0.531995,0.298484,0.233617,3571912772.575548
0.531889,0.298706,0.233289,3571912772.585547
0.531783,0.298927,0.232962,3571912772.595548
0.531676,0.299148,0.232635,3571912772.605548
0.531568,0.299368,0.232308,3571912772.615548
0.531461,0.299587,0.231982,3571912772.625545
0.531353,0.299805,0.231656,3571912772.635548
0.531245,0.300023,0.231330,3571912772.645550
0.531136,0.300240,0.231005,3571912772.655549
0.531027,0.300456,0.230680,3571912772.665549
0.530918,0.300671,0.230356,3571912772.675550
0.530809,0.300886,0.230032,3571912772.685550
0.530699,0.301100,0.229708,3571912772.695549
0.530589,0.301314,0.229385,3571912772.705550
0.530479,0.301527,0.229063,3571912772.715551
0.530368,0.301739,0.228740,3571912772.725548
0.530258,0.301950,0.228418,3571912772.735552
0.530147,0.302161,0.228097,3571912772.745551
0.530035,0.302371,0.227775,3571912772.755552
0.529924,0.302581,0.227455,3571912772.765553
0.529812,0.302790,0.227134,3571912772.775552
0.529700,0.302998,0.226814,3571912772.785554
0.529588,0.303206,0.226494,3571912772.795551
0.529476,0.303413,0.226175,3571912772.805553
0.529363,0.303620,0.225856,3571912772.815554
0.529251,0.303826,0.225538,3571912772.825552
0.529138,0.304031,0.225220,3571912772.835554
0.529025,0.304236,0.224902,3571912772.845555
0.528912,0.304440,0.224585,3571912772.855555
0.528798,0.304644,0.224268,3571912772.865555
0.528685,0.304847,0.223951,3571912772.875555
0.528571,0.305050,0.223635,3571912772.885556
0.528457,0.305252,0.223319,3571912772.895556
0.528343,0.305453,0.223004,3571912772.905556
0.528229,0.305654,0.222689,3571912772.915556
0.528115,0.305855,0.222375,3571912772.925553
0.528001,0.306055,0.222060,3571912772.935557
0.527887,0.306254,0.221747,3571912772.945558
0.527772,0.306454,0.221433,3571912772.955558
0.527658,0.306652,0.221120,3571912772.965558
0.527543,0.306850,0.220807,3571912772.975558
0.527428,0.307048,0.220495,3571912772.985559
0.527314,0.307245,0.220183,3571912772.995558
0.527199,0.307442,0.219872,3571912773.005558
0.527084,0.307638,0.219561,3571912773.015559
0.526969,0.307834,0.219250,3571912773.025557
0.526854,0.308029,0.218940,3571912773.035559
0.526739,0.308224,0.218630,3571912773.045560
0.526624,0.308419,0.218320,3571912773.055561
0.526509,0.308613,0.218011,3571912773.065561
0.526394,0.308807,0.217702,3571912773.075561
0.526279,0.309000,0.217394,3571912773.085562
0.526164,0.309193,0.217086,3571912773.095561
0.526049,0.309386,0.216778,3571912773.105561
0.525934,0.309578,0.216471,3571912773.115562
0.525819,0.309770,0.216164,3571912773.125559
0.525704,0.309961,0.215858,3571912773.135564
0.525590,0.310153,0.215552,3571912773.145565
0.525475,0.310344,0.215246,3571912773.155563
0.525360,0.310534,0.214941,3571912773.165565
0.525245,0.310724,0.214636,3571912773.175564
0.525131,0.310914,0.214331,3571912773.185565
0.525016,0.311104,0.214027,3571912773.195564
0.524902,0.311293,0.213723,3571912773.205565
0.524787,0.311482,0.213420,3571912773.215564
0.524673,0.311671,0.213117,3571912773.225562
0.524559,0.311859,0.212814,3571912773.235565
0.524445,0.312047,0.212512,3571912773.245565
0.524331,0.312235,0.212210,3571912773.255566
0.524218,0.312423,0.211908,3571912773.265568
0.524104,0.312610,0.211607,3571912773.275564
0.523991,0.312798,0.211306,3571912773.285567
0.523877,0.312985,0.211006,3571912773.295566
0.523764,0.313171,0.210706,3571912773.305567
0.523651,0.313358,0.210406,3571912773.315568
0.523538,0.313544,0.210107,3571912773.325565
0.523426,3.264832,-2.741294,3571912773.335569
0.523313,0.235409,0.288017,3571912773.345569
0.523201,0.235657,0.287657,3571912773.355570
0.523089,0.235904,0.287297,3571912773.365570
0.522977,0.236151,0.286938,3571912773.375570
0.522866,0.236399,0.286579,3571912773.385570
0.522754,0.236646,0.286220,3571912773.395570
0.522643,0.236892,0.285862,3571912773.405571
0.522532,0.237139,0.285504,3571912773.415570
0.522422,0.237386,0.285147,3571912773.425568
0.522311,0.237632,0.284789,3571912773.435572
0.522201,0.237879,0.284433,3571912773.445572
0.522091,0.238125,0.284076,3571912773.455572
0.521982,0.238371,0.283720,3571912773.465572
0.521873,0.238617,0.283364,3571912773.475574
0.521764,0.238863,0.283009,3571912773.485573
0.521655,0.239109,0.282654,3571912773.495573
0.521546,0.239355,0.282300,3571912773.505573
0.521438,0.239601,0.281945,3571912773.515573
0.521331,0.239847,0.281591,3571912773.525570
0.521223,0.240093,0.281238,3571912773.535573
0.521116,0.240338,0.280885,3571912773.545575
0.521009,0.240584,0.280532,3571912773.555574
0.520903,0.240830,0.280179,3571912773.565576
0.520797,0.241076,0.279827,3571912773.575576
0.520691,0.241321,0.279475,3571912773.585576
0.520585,0.241567,0.279124,3571912773.595575
0.520480,0.241813,0.278773,3571912773.605576
0.520376,0.242058,0.278422,3571912773.615577
0.520272,0.242304,0.278072,3571912773.625573
0.520168,0.242550,0.277722,3571912773.635577
0.520064,0.242796,0.277372,3571912773.645577
0.519961,0.243041,0.277023,3571912773.655578
0.519859,0.243287,0.276674,3571912773.665578
0.519756,0.243533,0.276325,3571912773.675578
0.519655,0.243779,0.275977,3571912773.685578
0.519553,0.244025,0.275629,3571912773.695578
0.519452,0.244272,0.275282,3571912773.705579
0.519352,0.244518,0.274934,3571912773.715580
0.519252,0.244764,0.274587,3571912773.725576
0.519152,0.245011,0.274241,3571912773.735581
0.519053,0.245257,0.273895,3571912773.745581
0.518954,0.245504,0.273549,3571912773.755581
0.518856,0.245751,0.273203,3571912773.765582
0.518758,0.245998,0.272858,3571912773.775581
0.518661,0.246245,0.272513,3571912773.785583
0.518564,0.246492,0.272169,3571912773.795581
0.518468,0.246740,0.271825,3571912773.805582
0.518373,0.246987,0.271481,3571912773.815581
0.518277,0.247235,0.271138,3571912773.825579
0.518183,0.247483,0.270794,3571912773.835583
0.518088,0.247731,0.270452,3571912773.845584
0.517995,0.247979,0.270109,3571912773.855584
0.517902,0.248228,0.269767,3571912773.865583
0.517809,0.248476,0.269425,3571912773.875584
0.517717,0.248725,0.269084,3571912773.885583
0.517626,0.248974,0.268743,3571912773.895584
0.517535,0.249224,0.268402,3571912773.905585
0.517444,0.249473,0.268062,3571912773.915586
0.517355,0.249723,0.267721,3571912773.925582
0.517266,0.249973,0.267382,3571912773.935585
0.517177,0.250223,0.267042,3571912773.945586
0.517089,0.250474,0.266703,3571912773.955586
0.517001,0.250725,0.266364,3571912773.965587
0.516915,0.250976,0.266026,3571912773.975586
0.516828,0.251227,0.265688,3571912773.985587
0.516743,0.251478,0.265350,3571912773.995586
0.516658,0.251730,0.265013,3571912774.005588
0.516574,0.251982,0.264675,3571912774.015588
0.516490,0.252235,0.264339,3571912774.025584
0.516407,0.252488,0.264002,3571912774.035589
0.516324,0.252741,0.263666,3571912774.045588
0.516242,0.252994,0.263330,3571912774.055589
0.516161,0.253248,0.262994,3571912774.065588
0.516081,0.253502,0.262659,3571912774.075590
0.516001,0.253756,0.262324,3571912774.085591
0.515922,0.254011,0.261990,3571912774.095591
0.515843,0.254266,0.261656,3571912774.105591
0.515765,0.254521,0.261322,3571912774.115590
0.515688,0.254777,0.260988,3571912774.125587
0.515612,0.255033,0.260655,3571912774.135592
0.515536,0.255290,0.260322,3571912774.145593
0.515461,0.255547,0.259989,3571912774.155592
0.515386,0.255804,0.259657,3571912774.165593
0.515312,0.256062,0.259325,3571912774.175593
0.515239,0.256320,0.258993,3571912774.185593
0.515167,0.256578,0.258661,3571912774.195592
0.515096,0.256837,0.258330,3571912774.205593
0.515025,0.257096,0.257999,3571912774.215594
0.514955,0.257356,0.257669,3571912774.225590
0.514885,0.257616,0.257339,3571912774.235594
0.514817,0.257876,0.257009,3571912774.245594
0.514749,0.258137,0.256679,3571912774.255594
0.514681,0.258399,0.256350,3571912774.265596
0.514615,0.258660,0.256021,3571912774.275594
0.514549,0.258923,0.255692,3571912774.285595
0.514484,0.259185,0.255364,3571912774.295595
0.514420,0.259449,0.255036,3571912774.305596
0.514357,0.259712,0.254708,3571912774.315597
0.514294,0.259976,0.254381,3571912774.325593
0.514232,-2.264384,2.778678,3571912774.335598
0.514171,0.286825,0.227408,3571912774.345598
0.514111,0.287070,0.227102,3571912774.355598
0.514052,0.287315,0.226796,3571912774.365598
0.513993,0.287561,0.226491,3571912774.375598
0.513935,0.287807,0.226185,3571912774.385598
0.513878,0.288054,0.225881,3571912774.395598
0.513821,0.288302,0.225576,3571912774.405600
0.513766,0.288549,0.225272,3571912774.415599
0.513711,0.288798,0.224968,3571912774.425596
0.513657,0.289047,0.224665,3571912774.435600
0.513604,0.289296,0.224361,3571912774.445600
0.513552,0.289546,0.224058,3571912774.455602
0.513500,0.289796,0.223756,3571912774.465600
0.513450,0.290047,0.223453,3571912774.475600
0.513400,0.290299,0.223151,3571912774.485600
0.513351,0.290551,0.222849,3571912774.495601
0.513303,0.290803,0.222548,3571912774.505602
0.513256,0.291056,0.222246,3571912774.515603
0.513209,0.291310,0.221946,3571912774.525599
0.513164,0.291564,0.221645,3571912774.535603
0.513119,0.291819,0.221345,3571912774.545603
0.513075,0.292074,0.221044,3571912774.555603
0.513032,0.292330,0.220745,3571912774.565603
0.512990,0.292587,0.220445,3571912774.575604
0.512948,0.292844,0.220146,3571912774.585604
0.512908,0.293101,0.219847,3571912774.595604
0.512868,0.293359,0.219548,3571912774.605605
0.512829,0.293618,0.219250,3571912774.615604
0.512792,0.293878,0.218952,3571912774.625601
0.512755,0.294137,0.218654,3571912774.635607
0.512718,0.294398,0.218357,3571912774.645607
0.512683,0.294659,0.218059,3571912774.655606
0.512649,0.294921,0.217762,3571912774.665606
0.512615,0.295183,0.217466,3571912774.675607
0.512583,0.295446,0.217169,3571912774.685606
0.512551,0.295710,0.216873,3571912774.695607
0.512520,0.295974,0.216577,3571912774.705608
0.512490,0.296238,0.216282,3571912774.715608
0.512461,0.296504,0.215986,3571912774.725605
0.512433,0.296770,0.215691,3571912774.735608
0.512406,0.297036,0.215397,3571912774.745608
